{"cameraMode":{"drawMode":0,"name":"Shaded","section":"Shading Mode"},"sceneLighting":true,"audioPlay":false,"sceneViewState":{"showFog":true,"showMaterialUpdate":false,"showSkybox":true,"showFlares":true,"showImageEffects":true,"showParticleSystems":true},"in2DMode":false,"pivot":{"x":3.2145836353302,"y":1.8625502586364747,"z":-1.0129013061523438},"rotation":{"x":0.2010052651166916,"y":0.17669335007667542,"z":-0.03688895329833031,"w":0.9628265500068665},"size":15.265729904174805,"orthographic":false}